title,company,location,link,search_keyword
RESPONSABLE POLE APPLICATIF,TALYS Group,"Antananarivo, Analamanga, Madagascar",https://www.linkedin.com/jobs/view/responsable-pole-applicatif-at-talys-group-4343972016?position=1&pageNum=0&refId=j1HJdt%2BCf%2BDasRy7dv%2FEsQ%3D%3D&trackingId=GyEMv3xk6eThLe94N6Dz1w%3D%3D,Cryptographer
Bilingual Expert,FreshTalent,Madagascar,https://www.linkedin.com/jobs/view/bilingual-expert-at-freshtalent-4333891452?position=2&pageNum=0&refId=j1HJdt%2BCf%2BDasRy7dv%2FEsQ%3D%3D&trackingId=0DalsN0p7Oi1ZP70oUmN0Q%3D%3D,Cryptographer
"Développeur C++ / Linux embarqué - Antananarivo, Madagascar  (H/F)",Astek,"Antananarivo, Analamanga, Madagascar",https://www.linkedin.com/jobs/view/d%C3%A9veloppeur-c%2B%2B-linux-embarqu%C3%A9-antananarivo-madagascar-h-f-at-astek-4163540234?position=3&pageNum=0&refId=j1HJdt%2BCf%2BDasRy7dv%2FEsQ%3D%3D&trackingId=FSc0%2BIgy%2FUHl88YcUpTjEQ%3D%3D,Cryptographer
Développeur Go (Golang),Novity Madagascar,"Antananarivo, Analamanga, Madagascar",https://www.linkedin.com/jobs/view/d%C3%A9veloppeur-go-golang-at-novity-madagascar-4325776127?position=5&pageNum=0&refId=j1HJdt%2BCf%2BDasRy7dv%2FEsQ%3D%3D&trackingId=l4Mb83GrnlvzLngHRf3Qrg%3D%3D,Cryptographer
DevSecOps Senior (Freelance/Part-Time),fluentech,Madagascar,https://www.linkedin.com/jobs/view/devsecops-senior-freelance-part-time-at-fluentech-4344616101?position=6&pageNum=0&refId=j1HJdt%2BCf%2BDasRy7dv%2FEsQ%3D%3D&trackingId=xYOtuEvvYxTcDeOBvojb1A%3D%3D,Cryptographer
Zoho Developer,Odixcity Consulting,Madagascar,https://www.linkedin.com/jobs/view/zoho-developer-at-odixcity-consulting-4345646385?position=7&pageNum=0&refId=j1HJdt%2BCf%2BDasRy7dv%2FEsQ%3D%3D&trackingId=Bgf%2BFeaahar98HS5E45HbA%3D%3D,Cryptographer
Cloud Engineer,Odixcity Consulting,Madagascar,https://www.linkedin.com/jobs/view/cloud-engineer-at-odixcity-consulting-4336235167?position=8&pageNum=0&refId=j1HJdt%2BCf%2BDasRy7dv%2FEsQ%3D%3D&trackingId=DOTWLmhtZHDPDdv2eMQgfA%3D%3D,Cryptographer
3 DÉVELOPPEURS BACK-END EXPERTS (H/F),OFFSHORE VALUE,"Antananarivo, Analamanga, Madagascar",https://www.linkedin.com/jobs/view/3-d%C3%A9veloppeurs-back-end-experts-h-f-at-offshore-value-4345725713?position=9&pageNum=0&refId=j1HJdt%2BCf%2BDasRy7dv%2FEsQ%3D%3D&trackingId=LBfUaxYsiGguVppwoR7Lkw%3D%3D,Cryptographer
DÉVELOPPEUR SENIOR FULL STACK (DSFS0125),Publika Group,"Antananarivo, Analamanga, Madagascar",https://www.linkedin.com/jobs/view/d%C3%A9veloppeur-senior-full-stack-dsfs0125-at-publika-group-4134267834?position=1&pageNum=2&refId=Z4uj39NAvKpgHP6mC4qu%2FA%3D%3D&trackingId=dnmAecxU7woJCrYXWXfHzw%3D%3D,Cryptographer
JavaScript Developer,Odixcity Consulting,Madagascar,https://www.linkedin.com/jobs/view/javascript-developer-at-odixcity-consulting-4289806779?position=2&pageNum=2&refId=Z4uj39NAvKpgHP6mC4qu%2FA%3D%3D&trackingId=%2Fd2BBKnWbaZLsAz%2BevrDqQ%3D%3D,Cryptographer
Développeur Fullstack Odoo,Captivea Madagascar,"Antananarivo, Analamanga, Madagascar",https://www.linkedin.com/jobs/view/d%C3%A9veloppeur-fullstack-odoo-at-captivea-madagascar-4320732534?position=3&pageNum=2&refId=Z4uj39NAvKpgHP6mC4qu%2FA%3D%3D&trackingId=OhYiGsHimLcKCZKxGvT7GQ%3D%3D,Cryptographer
Développeur Full Stack Sénior,HDB Solutions,"Antananarivo, Analamanga, Madagascar",https://www.linkedin.com/jobs/view/d%C3%A9veloppeur-full-stack-s%C3%A9nior-at-hdb-solutions-4221722428?position=4&pageNum=2&refId=Z4uj39NAvKpgHP6mC4qu%2FA%3D%3D&trackingId=pAMfGkLezEhwmbs1PrLzjg%3D%3D,Cryptographer
Full-Stack Software Engineer,The Flex,Madagascar,https://www.linkedin.com/jobs/view/full-stack-software-engineer-at-the-flex-4342459346?position=5&pageNum=2&refId=Z4uj39NAvKpgHP6mC4qu%2FA%3D%3D&trackingId=aNFIlhZ%2BlnECuOZfaHNEag%3D%3D,Cryptographer
Full-stack developer with focus on Angular (Located geographically in EMEA),Acro Companion,Madagascar,https://www.linkedin.com/jobs/view/full-stack-developer-with-focus-on-angular-located-geographically-in-emea-at-acro-companion-4332018282?position=6&pageNum=2&refId=Z4uj39NAvKpgHP6mC4qu%2FA%3D%3D&trackingId=Z7Ya1tVYGApbwxzg%2B7b9vQ%3D%3D,Cryptographer
iOS Developer,Odixcity Consulting,Madagascar,https://www.linkedin.com/jobs/view/ios-developer-at-odixcity-consulting-4335837193?position=7&pageNum=2&refId=Z4uj39NAvKpgHP6mC4qu%2FA%3D%3D&trackingId=ZO1Nzi5bl9ILs0by5LkS6g%3D%3D,Cryptographer
Développeur Java Spring Boot / Angular,INTELCIA,"Antananarivo, Analamanga, Madagascar",https://www.linkedin.com/jobs/view/d%C3%A9veloppeur-java-spring-boot-angular-at-intelcia-4334218912?position=8&pageNum=2&refId=Z4uj39NAvKpgHP6mC4qu%2FA%3D%3D&trackingId=FzlgCbkjjfBeXh85wgaBqg%3D%3D,Cryptographer
"Senior Full-Stack JS Developer (Node.js, React)",CobbleWeb - The Online Marketplace Experts,"Antananarivo, Analamanga, Madagascar",https://www.linkedin.com/jobs/view/senior-full-stack-js-developer-node-js-react-at-cobbleweb-the-online-marketplace-experts-4258453790?position=9&pageNum=2&refId=Z4uj39NAvKpgHP6mC4qu%2FA%3D%3D&trackingId=zbKIMzMXiovScPJfLmBJ3Q%3D%3D,Cryptographer
Développeur Java (senior),Novity Madagascar,"Antananarivo, Analamanga, Madagascar",https://www.linkedin.com/jobs/view/d%C3%A9veloppeur-java-senior-at-novity-madagascar-4308588193?position=1&pageNum=3&refId=XuOxr8FS%2FGI6fpaqYNsWBQ%3D%3D&trackingId=8qKXm9KSj4yWf4gQB2IlhQ%3D%3D,Cryptographer
Développeurs Seniors Fullstack React / Node,Novity Madagascar,"Antananarivo, Analamanga, Madagascar",https://www.linkedin.com/jobs/view/d%C3%A9veloppeurs-seniors-fullstack-react-node-at-novity-madagascar-4320718160?position=2&pageNum=3&refId=XuOxr8FS%2FGI6fpaqYNsWBQ%3D%3D&trackingId=G1%2FMW3a5ZKoyvzIoSDBQdw%3D%3D,Cryptographer
"Senior Full-Stack JS Developer (Node.js, React)",CobbleWeb - The Online Marketplace Experts,"Antananarivo, Analamanga, Madagascar",https://www.linkedin.com/jobs/view/senior-full-stack-js-developer-node-js-react-at-cobbleweb-the-online-marketplace-experts-4258453790?position=3&pageNum=3&refId=XuOxr8FS%2FGI6fpaqYNsWBQ%3D%3D&trackingId=WqCSJnByxn%2FXeGsn0QOKQg%3D%3D,Cryptographer
Machine Learning Expert,Odixcity Consulting,Madagascar,https://www.linkedin.com/jobs/view/machine-learning-expert-at-odixcity-consulting-4335867130?position=1&pageNum=0&refId=Na%2FTney0lGSmOuKUj4UdaQ%3D%3D&trackingId=igQ0GNlVhiPmoIjevjlUKg%3D%3D,Malware Analyst
Zoho Developer,Odixcity Consulting,Madagascar,https://www.linkedin.com/jobs/view/zoho-developer-at-odixcity-consulting-4345646385?position=2&pageNum=0&refId=Na%2FTney0lGSmOuKUj4UdaQ%3D%3D&trackingId=BMUdCPbagqOw%2FnADI0Pjvg%3D%3D,Malware Analyst
NLP Engineer,Odixcity Consulting,Madagascar,https://www.linkedin.com/jobs/view/nlp-engineer-at-odixcity-consulting-4336066438?position=3&pageNum=0&refId=Na%2FTney0lGSmOuKUj4UdaQ%3D%3D&trackingId=ZBTMoVVbCZc%2FwQtYv0PB%2Bg%3D%3D,Malware Analyst
Python Developer,Odixcity Consulting,Madagascar,https://www.linkedin.com/jobs/view/python-developer-at-odixcity-consulting-4335906997?position=4&pageNum=0&refId=Na%2FTney0lGSmOuKUj4UdaQ%3D%3D&trackingId=%2Fj6N41Crxj5tvx0UZ06cvQ%3D%3D,Malware Analyst
Cloud Engineer,Odixcity Consulting,Madagascar,https://www.linkedin.com/jobs/view/cloud-engineer-at-odixcity-consulting-4336235167?position=5&pageNum=0&refId=Na%2FTney0lGSmOuKUj4UdaQ%3D%3D&trackingId=nSnoC3WvHmrJW2ck7lZLeQ%3D%3D,Malware Analyst
Bilingual Expert,FreshTalent,Madagascar,https://www.linkedin.com/jobs/view/bilingual-expert-at-freshtalent-4333891452?position=7&pageNum=0&refId=Na%2FTney0lGSmOuKUj4UdaQ%3D%3D&trackingId=exGEKFzUep7dVQOn8ft1QQ%3D%3D,Malware Analyst
DevSecOps Senior (Freelance/Part-Time),fluentech,Madagascar,https://www.linkedin.com/jobs/view/devsecops-senior-freelance-part-time-at-fluentech-4344616101?position=8&pageNum=0&refId=Na%2FTney0lGSmOuKUj4UdaQ%3D%3D&trackingId=BBPJtZwqu3e%2B1Rwdyh4mLA%3D%3D,Malware Analyst
RESPONSABLE POLE APPLICATIF,TALYS Group,"Antananarivo, Analamanga, Madagascar",https://www.linkedin.com/jobs/view/responsable-pole-applicatif-at-talys-group-4343972016?position=9&pageNum=0&refId=Na%2FTney0lGSmOuKUj4UdaQ%3D%3D&trackingId=AaUgeLF2mmi%2BedqtD6SNVA%3D%3D,Malware Analyst
"Ingénieur DevOps - Antananarivo, Madagascar  (H/F)",Astek,"Antananarivo, Analamanga, Madagascar",https://www.linkedin.com/jobs/view/ing%C3%A9nieur-devops-antananarivo-madagascar-h-f-at-astek-4313078898?position=10&pageNum=0&refId=Na%2FTney0lGSmOuKUj4UdaQ%3D%3D&trackingId=xm9VlqY136fu6ZShaWH3gw%3D%3D,Malware Analyst
JavaScript Developer,Odixcity Consulting,Madagascar,https://www.linkedin.com/jobs/view/javascript-developer-at-odixcity-consulting-4289806779?position=1&pageNum=2&refId=e6mmGHuBSqPTCLu%2BxVQCAw%3D%3D&trackingId=MRJ3Os4s%2FPX0%2FLoWjkdAbg%3D%3D,Malware Analyst
Développeur Odoo,Captivea Madagascar,"Antananarivo, Analamanga, Madagascar",https://www.linkedin.com/jobs/view/d%C3%A9veloppeur-odoo-at-captivea-madagascar-4290809122?position=2&pageNum=2&refId=e6mmGHuBSqPTCLu%2BxVQCAw%3D%3D&trackingId=xOsJgAORSHFpcgLabqn3jQ%3D%3D,Malware Analyst
Développeur Full Stack Sénior,HDB Solutions,"Antananarivo, Analamanga, Madagascar",https://www.linkedin.com/jobs/view/d%C3%A9veloppeur-full-stack-s%C3%A9nior-at-hdb-solutions-4221722428?position=3&pageNum=2&refId=e6mmGHuBSqPTCLu%2BxVQCAw%3D%3D&trackingId=ZIJCDoQyJrw8mqXwdGBf%2BQ%3D%3D,Malware Analyst
DevOps SRE (Site Reliability Engineer),Novity Madagascar,"Antananarivo, Analamanga, Madagascar",https://www.linkedin.com/jobs/view/devops-sre-site-reliability-engineer-at-novity-madagascar-4319129037?position=4&pageNum=2&refId=e6mmGHuBSqPTCLu%2BxVQCAw%3D%3D&trackingId=6Hu%2F%2BD3Xf2WyIXMZuDD0ew%3D%3D,Malware Analyst
Développeur Fullstack Odoo,Captivea Madagascar,"Antananarivo, Analamanga, Madagascar",https://www.linkedin.com/jobs/view/d%C3%A9veloppeur-fullstack-odoo-at-captivea-madagascar-4320732534?position=5&pageNum=2&refId=e6mmGHuBSqPTCLu%2BxVQCAw%3D%3D&trackingId=a5rRnSOnz1b2uwWa9dPm%2FA%3D%3D,Malware Analyst
DÉVELOPPEUR SENIOR FULL STACK (DSFS0125),Publika Group,"Antananarivo, Analamanga, Madagascar",https://www.linkedin.com/jobs/view/d%C3%A9veloppeur-senior-full-stack-dsfs0125-at-publika-group-4134267834?position=6&pageNum=2&refId=e6mmGHuBSqPTCLu%2BxVQCAw%3D%3D&trackingId=p%2BM2zI6iguffSWvo%2BY7pOQ%3D%3D,Malware Analyst
iOS Developer,Odixcity Consulting,Madagascar,https://www.linkedin.com/jobs/view/ios-developer-at-odixcity-consulting-4335837193?position=7&pageNum=2&refId=e6mmGHuBSqPTCLu%2BxVQCAw%3D%3D&trackingId=vMHQiRXHF%2FifqryX2eu4IQ%3D%3D,Malware Analyst
Full-Stack Software Engineer,The Flex,Madagascar,https://www.linkedin.com/jobs/view/full-stack-software-engineer-at-the-flex-4342459346?position=8&pageNum=2&refId=e6mmGHuBSqPTCLu%2BxVQCAw%3D%3D&trackingId=4r9s7NlxBpODRz%2BvywjgQg%3D%3D,Malware Analyst
Développeur Java (senior),Novity Madagascar,"Antananarivo, Analamanga, Madagascar",https://www.linkedin.com/jobs/view/d%C3%A9veloppeur-java-senior-at-novity-madagascar-4308588193?position=9&pageNum=2&refId=e6mmGHuBSqPTCLu%2BxVQCAw%3D%3D&trackingId=6Sv8wzWvT8VdHeGx620hUw%3D%3D,Malware Analyst
Full-stack developer with focus on Angular (Located geographically in EMEA),Acro Companion,Madagascar,https://www.linkedin.com/jobs/view/full-stack-developer-with-focus-on-angular-located-geographically-in-emea-at-acro-companion-4332018282?position=10&pageNum=2&refId=e6mmGHuBSqPTCLu%2BxVQCAw%3D%3D&trackingId=ulBNBLHMiulx5HrmbXv4KA%3D%3D,Malware Analyst
Développeur Java Spring Boot / Angular,INTELCIA,"Antananarivo, Analamanga, Madagascar",https://www.linkedin.com/jobs/view/d%C3%A9veloppeur-java-spring-boot-angular-at-intelcia-4334218912?position=1&pageNum=3&refId=%2F0ztw%2FfXfoVuGRCey%2Bcc2Q%3D%3D&trackingId=Wy8I2X6ne9x2MNw6zGvAXw%3D%3D,Malware Analyst
"Senior Full-Stack JS Developer (Node.js, React)",CobbleWeb - The Online Marketplace Experts,"Antananarivo, Analamanga, Madagascar",https://www.linkedin.com/jobs/view/senior-full-stack-js-developer-node-js-react-at-cobbleweb-the-online-marketplace-experts-4258453790?position=2&pageNum=3&refId=%2F0ztw%2FfXfoVuGRCey%2Bcc2Q%3D%3D&trackingId=iSLiph2bJRSA4aEh461BAQ%3D%3D,Malware Analyst
Développeurs Seniors Fullstack React / Node,Novity Madagascar,"Antananarivo, Analamanga, Madagascar",https://www.linkedin.com/jobs/view/d%C3%A9veloppeurs-seniors-fullstack-react-node-at-novity-madagascar-4320718160?position=3&pageNum=3&refId=%2F0ztw%2FfXfoVuGRCey%2Bcc2Q%3D%3D&trackingId=TRUYJQ4PnQTJR%2Fa8PnjPWw%3D%3D,Malware Analyst
Bilingual Expert,FreshTalent,Madagascar,https://www.linkedin.com/jobs/view/bilingual-expert-at-freshtalent-4333891452?position=1&pageNum=2&refId=ZZTcGP4FxRfGDDj5cfeX%2FQ%3D%3D&trackingId=fEFdg%2FzQU43gqIzwXwDsqg%3D%3D,Security Automation Engineer
Développeur Go (Golang),Novity Madagascar,"Antananarivo, Analamanga, Madagascar",https://www.linkedin.com/jobs/view/d%C3%A9veloppeur-go-golang-at-novity-madagascar-4325776127?position=2&pageNum=2&refId=ZZTcGP4FxRfGDDj5cfeX%2FQ%3D%3D&trackingId=vOAbv4v79LA053wf3dDi1g%3D%3D,Security Automation Engineer
Développeur Odoo,Captivea Madagascar,"Antananarivo, Analamanga, Madagascar",https://www.linkedin.com/jobs/view/d%C3%A9veloppeur-odoo-at-captivea-madagascar-4290809122?position=3&pageNum=2&refId=ZZTcGP4FxRfGDDj5cfeX%2FQ%3D%3D&trackingId=pUaRFW38LI3p6KYgiYBEHg%3D%3D,Security Automation Engineer
JavaScript Developer,Odixcity Consulting,Madagascar,https://www.linkedin.com/jobs/view/javascript-developer-at-odixcity-consulting-4289806779?position=4&pageNum=2&refId=ZZTcGP4FxRfGDDj5cfeX%2FQ%3D%3D&trackingId=MmEzHooanJES1BlHoxmJ3w%3D%3D,Security Automation Engineer
Développeur Full Stack Sénior,HDB Solutions,"Antananarivo, Analamanga, Madagascar",https://www.linkedin.com/jobs/view/d%C3%A9veloppeur-full-stack-s%C3%A9nior-at-hdb-solutions-4221722428?position=5&pageNum=2&refId=ZZTcGP4FxRfGDDj5cfeX%2FQ%3D%3D&trackingId=p5VRlO2HywhikMEl9EEFLQ%3D%3D,Security Automation Engineer
DÉVELOPPEUR SENIOR FULL STACK (DSFS0125),Publika Group,"Antananarivo, Analamanga, Madagascar",https://www.linkedin.com/jobs/view/d%C3%A9veloppeur-senior-full-stack-dsfs0125-at-publika-group-4134267834?position=6&pageNum=2&refId=ZZTcGP4FxRfGDDj5cfeX%2FQ%3D%3D&trackingId=eRnxE8DImzhOn9ssTJxfvw%3D%3D,Security Automation Engineer
Full-Stack Software Engineer,The Flex,Madagascar,https://www.linkedin.com/jobs/view/full-stack-software-engineer-at-the-flex-4342459346?position=7&pageNum=2&refId=ZZTcGP4FxRfGDDj5cfeX%2FQ%3D%3D&trackingId=dmhqVfe0vfCgEsHDkuO77w%3D%3D,Security Automation Engineer
Développeur Fullstack Odoo,Captivea Madagascar,"Antananarivo, Analamanga, Madagascar",https://www.linkedin.com/jobs/view/d%C3%A9veloppeur-fullstack-odoo-at-captivea-madagascar-4320732534?position=8&pageNum=2&refId=ZZTcGP4FxRfGDDj5cfeX%2FQ%3D%3D&trackingId=6OztrmQI4%2FkoRSB%2BAGsD%2BA%3D%3D,Security Automation Engineer
Développeur Java Spring Boot / Angular,INTELCIA,"Antananarivo, Analamanga, Madagascar",https://www.linkedin.com/jobs/view/d%C3%A9veloppeur-java-spring-boot-angular-at-intelcia-4334218912?position=9&pageNum=2&refId=ZZTcGP4FxRfGDDj5cfeX%2FQ%3D%3D&trackingId=MSYASQdASXcWz3MATMdoaQ%3D%3D,Security Automation Engineer
Full-stack developer with focus on Angular (Located geographically in EMEA),Acro Companion,Madagascar,https://www.linkedin.com/jobs/view/full-stack-developer-with-focus-on-angular-located-geographically-in-emea-at-acro-companion-4332018282?position=10&pageNum=2&refId=ZZTcGP4FxRfGDDj5cfeX%2FQ%3D%3D&trackingId=zzLr55%2BT7ckbNW9My9FBew%3D%3D,Security Automation Engineer
"Ingénieur DevOps - Antananarivo, Madagascar  (H/F)",Astek,"Antananarivo, Analamanga, Madagascar",https://www.linkedin.com/jobs/view/ing%C3%A9nieur-devops-antananarivo-madagascar-h-f-at-astek-4313078898?position=1&pageNum=0&refId=e%2BP3p2XFKXhkFnb4ITabtw%3D%3D&trackingId=wL8%2F8XQXntxv0Xs1KsYW9Q%3D%3D,Security Automation Engineer
Python Developer,Odixcity Consulting,Madagascar,https://www.linkedin.com/jobs/view/python-developer-at-odixcity-consulting-4335906997?position=2&pageNum=0&refId=e%2BP3p2XFKXhkFnb4ITabtw%3D%3D&trackingId=MRSDxJ569ktA8ncXgic0UQ%3D%3D,Security Automation Engineer
DevSecOps Senior (Freelance/Part-Time),fluentech,Madagascar,https://www.linkedin.com/jobs/view/devsecops-senior-freelance-part-time-at-fluentech-4344616101?position=3&pageNum=0&refId=e%2BP3p2XFKXhkFnb4ITabtw%3D%3D&trackingId=cyIQxgX4r13ulq1twUks7A%3D%3D,Security Automation Engineer
Cloud Engineer,Odixcity Consulting,Madagascar,https://www.linkedin.com/jobs/view/cloud-engineer-at-odixcity-consulting-4336235167?position=4&pageNum=0&refId=e%2BP3p2XFKXhkFnb4ITabtw%3D%3D&trackingId=0ecvFK8FwgIYGtNZtu3Ehw%3D%3D,Security Automation Engineer
Machine Learning Expert,Odixcity Consulting,Madagascar,https://www.linkedin.com/jobs/view/machine-learning-expert-at-odixcity-consulting-4335867130?position=5&pageNum=0&refId=e%2BP3p2XFKXhkFnb4ITabtw%3D%3D&trackingId=fhp5rNcb%2BLotnZOtdFaUAA%3D%3D,Security Automation Engineer
Swift Developer,Odixcity Consulting,Madagascar,https://www.linkedin.com/jobs/view/swift-developer-at-odixcity-consulting-4335867134?position=6&pageNum=0&refId=e%2BP3p2XFKXhkFnb4ITabtw%3D%3D&trackingId=YuS0UnGHg%2B8PvJ3vUDgmVQ%3D%3D,Security Automation Engineer
DevOps Engineer,Odixcity Consulting,Madagascar,https://www.linkedin.com/jobs/view/devops-engineer-at-odixcity-consulting-4336075537?position=8&pageNum=0&refId=e%2BP3p2XFKXhkFnb4ITabtw%3D%3D&trackingId=izykwfYiC8dCQ4fAJ0Q4MA%3D%3D,Security Automation Engineer
Software Engineer,Flourish Health,Madagascar,https://www.linkedin.com/jobs/view/software-engineer-at-flourish-health-4264213349?position=9&pageNum=0&refId=e%2BP3p2XFKXhkFnb4ITabtw%3D%3D&trackingId=Mzg3JS9hMr2JJ%2FteFoaXBQ%3D%3D,Security Automation Engineer
